{"cameraMode":{"drawMode":0,"name":"Shaded","section":"Shading Mode"},"sceneLighting":false,"audioPlay":false,"sceneViewState":{"showFog":true,"showMaterialUpdate":false,"showSkybox":true,"showFlares":true,"showImageEffects":true,"showParticleSystems":true},"in2DMode":false,"pivot":{"x":1.3178386688232422,"y":2.386812210083008,"z":-0.40550994873046877},"rotation":{"x":-0.017546173185110093,"y":-0.9742904901504517,"z":0.209503635764122,"w":-0.08143120259046555},"size":17.277881622314454,"orthographic":false}